enabled,source_sheet,row_start,row_end,output_meta,output_txt,schema_id,note
Y,A,2,LAST,A.meta.json,A.script.txt,gept-2_sentence,
Y,B,2,LAST,B.meta.json,B.script.txt,gept-2_sentence,
Y,C,2,LAST,C.meta.json,C.script.txt,gept-2_sentence,
Y,D,2,LAST,D.meta.json,D.script.txt,gept-2_sentence,
Y,E,2,LAST,E.meta.json,E.script.txt,gept-2_sentence,
Y,F,2,LAST,F.meta.json,F.script.txt,gept-2_sentence,
Y,G,2,LAST,G.meta.json,G.script.txt,gept-2_sentence,
Y,H,2,LAST,H.meta.json,H.script.txt,gept-2_sentence,
Y,I,2,LAST,I.meta.json,I.script.txt,gept-2_sentence,
Y,J,2,LAST,J.meta.json,J.script.txt,gept-2_sentence,
Y,K,2,LAST,K.meta.json,K.script.txt,gept-2_sentence,
Y,L,2,LAST,L.meta.json,L.script.txt,gept-2_sentence,
Y,M,2,LAST,M.meta.json,M.script.txt,gept-2_sentence,
Y,N,2,LAST,N.meta.json,N.script.txt,gept-2_sentence,
Y,O,2,LAST,O.meta.json,O.script.txt,gept-2_sentence,
Y,P,2,LAST,P.meta.json,P.script.txt,gept-2_sentence,
Y,Q,2,LAST,Q.meta.json,Q.script.txt,gept-2_sentence,
Y,R,2,LAST,R.meta.json,R.script.txt,gept-2_sentence,
Y,S,2,LAST,S.meta.json,S.script.txt,gept-2_sentence,
Y,T,2,LAST,T.meta.json,T.script.txt,gept-2_sentence,
Y,U,2,LAST,U.meta.json,U.script.txt,gept-2_sentence,
Y,V,2,LAST,V.meta.json,V.script.txt,gept-2_sentence,
Y,W,2,LAST,W.meta.json,W.script.txt,gept-2_sentence,
Y,X,2,LAST,X.meta.json,X.script.txt,gept-2_sentence,
Y,Y,2,LAST,Y.meta.json,Y.script.txt,gept-2_sentence,
Y,Z,2,LAST,Z.meta.json,Z.script.txt,gept-2_sentence,
